"","ATE","ESseATE","IFseATE","type"
"",-18.7232501074277,57.621772276032,57.9080814209453,"Classic"
"1",-16.0969055798041,57.3878033581338,57.6104861995229,"WTD"
"2",-18.7535027855602,57.6216827520068,57.8974184830006,"TMLE"
