"","ATE","ESseATE","bootseATE","IFseATE","NA"
"",-18.7232501074277,57.621772276949,58.7989426683308,57.9080814209455,"Classic"
"1",-16.0969055798032,57.3878033578684,57.4603238350724,57.6104861995231,"WTD"
"2",-18.7529389627848,57.6222025788097,56.8197101197355,57.8974165180449,"TMLE"
